{
    "title" : "سلام من توحید داننده هستم",
    "subtitle" : "مدرس و توسعه دهنده لاراول",
    "links" : {
        "github" : "https://github.com/tdanandeh/resume",
        "linkedin" : ""
    },
    "section" : [
        {
            "title" : "درباره ما",
            "items" : [
                {
                    "type" : "p",
                    "content" : "توحید هستم و ۴ سالی هست که به برنامه\u200Cنویسی علاقه مند شدم و الان بیشتر از ۶ ساله که برنامه نویسی و کدزنی می کنم و عاشق چالش\u200Cهای پروژه\u200Cهای مختلف و بزرگم. به تدریس علاقه مندم و در دانشگاه های معتبر نیز برنامه نویسی تدریس کرده ام. فارغ التحصیل ارشد دانشگاه خواجه نصیر و برنامه نویسی زبان های مختلف دانشگاه های شریف و تهران هستم. سایت برنامه نویسی livedars.ir رو برای توسعه و انتقال مفاهیم برنامه نویسیم به تازگی راه اندازی کرده ام که خوشحال میشم شما رو اونجا ببینم. اگه مهارت خاصی هم در تدریس داشتید خوشحال میشم در ارتباط باشید. جهت ارتباط در تلگرام می تونید با آیدی Tohid۶۴۵ یا با ایمیل tdanandeh@yahoo.com در ارتباط باشید. جهت پرسش و پاسخ میتونین در تلگرام livedars رو جستجو کنین. دوستانی که با دوره های بنده مشکل داشتند لطفا در تلگرام در ارتباط باشید تا دوره ها را تقدیمتان کنم.\n\n"
                }
            ]
        },
        {
            "title" : "مهارت",
            "items" : [
                {
                    "type" : "card",
                    "content" : {
                        "image" : "/html.png",
                        "title" : "HTML"
                    }
                },
                {
                    "type" : "card",
                    "content" : {
                        "image" : "/css.png",
                        "title" : "CSS"
                    }
                },
                {
                    "type" : "card",
                    "content" : {
                        "image" : "/js.png",
                        "title" : "جاوا اسکریپت"
                    }
                },
                {
                    "type" : "card",
                    "content" : {
                        "image" : "/php.jpg",
                        "title" : "PHP"
                    }
                },
                {
                    "type" : "card",
                    "content" : {
                        "image" : "/laravel.png",
                        "title" : "لاراول"
                    }
                }
            ]
        }
    ]
}